{
  "best_f1": {
    "threshold": 0.39,
    "accuracy": 0.988,
    "precision": 0.9842857142857143,
    "recall": 0.9649859943977591,
    "f1": 0.9745403111739745,
    "roc_auc": 0.9920711504199231,
    "confusion_matrix": [
      [
        2275,
        11
      ],
      [
        25,
        689
      ]
    ]
  },
  "recall_at_precision": {
    "threshold": 0.09,
    "accuracy": 0.896,
    "precision": 0.7005988023952096,
    "recall": 0.9831932773109243,
    "f1": 0.8181818181818182,
    "roc_auc": 0.9920711504199231,
    "confusion_matrix": [
      [
        1986,
        300
      ],
      [
        12,
        702
      ]
    ]
  }
}